,title,desc,date,datetime,link,img,media,site,date2,proper_link
0,AppleMoreIntroducing Apple Vision Pro: Apple's first spatial computer,,"Jun 5, 2023",,news.google.com/articles/CBMiRGh0dHBzOi8vd3d3LmFwcGxlLmNvbS9uZXdzcm9vbS8yMDIzLzA2L2ludHJvZHVjaW5nLWFwcGxlLXZpc2lvbi1wcm8v0gEA?hl=en-US&gl=US&ceid=US%3Aen,/api/attachments/CC8iK0NnNXRZMkphWVZkWFpuRkJkVTFQVFJDb0FSaXNBaWdCTWdhVlVvN09NUWM=-w200-h112-p-df,Apple,,2023-06-05,https://www.apple.com/newsroom/2023/06/introducing-apple-vision-pro/\xd2\x01\x00'
1,AppleMoreApple announces App Store Small Business Program,,"Nov 18, 2020",,news.google.com/articles/CBMiWGh0dHBzOi8vd3d3LmFwcGxlLmNvbS9uZXdzcm9vbS8yMDIwLzExL2FwcGxlLWFubm91bmNlcy1hcHAtc3RvcmUtc21hbGwtYnVzaW5lc3MtcHJvZ3JhbS_SAQA?hl=en-US&gl=US&ceid=US%3Aen,/api/attachments/CC8iK0NnNUNkbTR0VmpBNFZ6Vk9UbE5oVFJDNUFSaVFBaWdCTWdhTlFvb3BJUWM=-w200-h112-p-df,Apple,,2020-11-18,https://www.apple.com/newsroom/2020/11/apple-announces-app-store-small-business-program/\xd2\x01\x00'
2,AppleMoreApple brings Final Cut Pro and Logic Pro to iPad,,"May 9, 2023",,news.google.com/articles/CBMiWGh0dHBzOi8vd3d3LmFwcGxlLmNvbS9uZXdzcm9vbS8yMDIzLzA1L2FwcGxlLWJyaW5ncy1maW5hbC1jdXQtcHJvLWFuZC1sb2dpYy1wcm8tdG8taXBhZC_SAQA?hl=en-US&gl=US&ceid=US%3Aen,/api/attachments/CC8iK0NnNVdjR1JFUzNCT1ExRnVVRVpxVFJDb0FSaXNBaWdCTWdZSmNKTEdyQWM=-w200-h112-p-df,Apple,,2023-05-09,https://www.apple.com/newsroom/2023/05/apple-brings-final-cut-pro-and-logic-pro-to-ipad/\xd2\x01\x00'
3,AppleMoreApple previews new entertainment experiences launching with Apple Vision Pro,,Jan 16,,news.google.com/articles/CBMidGh0dHBzOi8vd3d3LmFwcGxlLmNvbS9uZXdzcm9vbS8yMDI0LzAxL2FwcGxlLXByZXZpZXdzLW5ldy1lbnRlcnRhaW5tZW50LWV4cGVyaWVuY2VzLWxhdW5jaGluZy13aXRoLWFwcGxlLXZpc2lvbi1wcm8v0gEA?hl=en-US&gl=US&ceid=US%3Aen,/api/attachments/CC8iK0NnNU1la1pEUXpNNFJtaEZhVmhrVFJDb0FSaXNBaWdCTWdheFU0eFJMUWM=-w200-h112-p-df,Apple,,2024-01-16,https://www.apple.com/newsroom/2024/01/apple-previews-new-entertainment-experiences-launching-with-apple-vision-pro/\xd2\x01\x00'
4,AppleMoreApple Vision Pro available in the U.S. on February 2,,Jan 8,,news.google.com/articles/CBMiWmh0dHBzOi8vd3d3LmFwcGxlLmNvbS9uZXdzcm9vbS8yMDI0LzAxL2FwcGxlLXZpc2lvbi1wcm8tYXZhaWxhYmxlLWluLXRoZS11cy1vbi1mZWJydWFyeS0yL9IBAA?hl=en-US&gl=US&ceid=US%3Aen,/api/attachments/CC8iK0NnNTFSek5xY21FNGJUUmtRVlZPVFJEdkFSalRBU2dCTWdZbFpaTE5NUWM=-w200-h112-p-df,Apple,,2024-01-08,https://www.apple.com/newsroom/2024/01/apple-vision-pro-available-in-the-us-on-february-2/\xd2\x01\x00'
5,AppleMoreApple advances user security with powerful new data protections,,"Dec 7, 2022",,news.google.com/articles/CBMiZ2h0dHBzOi8vd3d3LmFwcGxlLmNvbS9uZXdzcm9vbS8yMDIyLzEyL2FwcGxlLWFkdmFuY2VzLXVzZXItc2VjdXJpdHktd2l0aC1wb3dlcmZ1bC1uZXctZGF0YS1wcm90ZWN0aW9ucy_SAQA?hl=en-US&gl=US&ceid=US%3Aen,/api/attachments/CC8iK0NnNWhNRU5RUTBRelFsVkVjVWx6VFJDb0FSaXNBaWdCTWdZcEpaTE5uUWM=-w200-h112-p-df,Apple,,2022-12-07,https://www.apple.com/newsroom/2022/12/apple-advances-user-security-with-powerful-new-data-protections/\xd2\x01\x00'
6,"AppleMoreApple previews Live Speech, Personal Voice, and more new accessibility features",,"May 16, 2023",,news.google.com/articles/CBMidWh0dHBzOi8vd3d3LmFwcGxlLmNvbS9uZXdzcm9vbS8yMDIzLzA1L2FwcGxlLXByZXZpZXdzLWxpdmUtc3BlZWNoLXBlcnNvbmFsLXZvaWNlLWFuZC1tb3JlLW5ldy1hY2Nlc3NpYmlsaXR5LWZlYXR1cmVzL9IBAA?hl=en-US&gl=US&ceid=US%3Aen,/api/attachments/CC8iL0NnNXNPVE00WTB4U1RXRkllVEp1VFJDLUFSaUtBaWdCTWdtVlFZelZSR1dhaHdJ=-w200-h112-p-df,Apple,,2023-05-16,https://www.apple.com/newsroom/2023/05/apple-previews-live-speech-personal-voice-and-more-new-accessibility-features/\xd2\x01\x00'
7,AppleMoreApple unveils iPhone 15 Pro and iPhone 15 Pro Max,,Sep 12,,news.google.com/articles/CBMiWWh0dHBzOi8vd3d3LmFwcGxlLmNvbS9uZXdzcm9vbS8yMDIzLzA5L2FwcGxlLXVudmVpbHMtaXBob25lLTE1LXByby1hbmQtaXBob25lLTE1LXByby1tYXgv0gEA?hl=en-US&gl=US&ceid=US%3Aen,/api/attachments/CC8iK0NnNTZSM0JXUkRKeE5EQnhWV2RsVFJDb0FSaXNBaWdCTWdZUmM0b3BLZ2M=-w200-h112-p-df,Apple,,2024-09-12,https://www.apple.com/newsroom/2023/09/apple-unveils-iphone-15-pro-and-iphone-15-pro-max/\xd2\x01\x00'
8,AppleMoreIntroducing the next generation of Mac,,"Nov 10, 2020",,news.google.com/articles/CBMiTmh0dHBzOi8vd3d3LmFwcGxlLmNvbS9uZXdzcm9vbS8yMDIwLzExL2ludHJvZHVjaW5nLXRoZS1uZXh0LWdlbmVyYXRpb24tb2YtbWFjL9IBAA?hl=en-US&gl=US&ceid=US%3Aen,/api/attachments/CC8iK0NnNTRORWxrU0RGcE0xSnFha1pGVFJDb0FSaXNBaWdCTWdZSmc1Sm9zUWM=-w200-h112-p-df,Apple,,2020-11-10,https://www.apple.com/newsroom/2020/11/introducing-the-next-generation-of-mac/\xd2\x01\x00'
9,AppleMoreApple expands Self Service Repair and introduces new Diagnostics process,,Dec 13,,news.google.com/articles/CBMicGh0dHBzOi8vd3d3LmFwcGxlLmNvbS9uZXdzcm9vbS8yMDIzLzEyL2FwcGxlLWV4cGFuZHMtc2VsZi1zZXJ2aWNlLXJlcGFpci1hbmQtaW50cm9kdWNlcy1uZXctZGlhZ25vc3RpY3MtcHJvY2Vzcy_SAQA?hl=en-US&gl=US&ceid=US%3Aen,/api/attachments/CC8iK0NnNVpVRlZhVjI1WFFtZDJjVkF4VFJDakFSaTJBaWdCTWdhcGhaRE5zUVk=-w200-h112-p-df,Apple,,2024-12-13,https://www.apple.com/newsroom/2023/12/apple-expands-self-service-repair-and-introduces-new-diagnostics-process/\xd2\x01\x00'
10,AppleMoreApple announces more than 600 new apps built for Apple Vision Pro,,8 days ago,2024-02-01 15:24:33.445834,news.google.com/articles/CBMiaWh0dHBzOi8vd3d3LmFwcGxlLmNvbS9uZXdzcm9vbS8yMDI0LzAyL2FwcGxlLWFubm91bmNlcy1tb3JlLXRoYW4tNjAwLW5ldy1hcHBzLWJ1aWx0LWZvci1hcHBsZS12aXNpb24tcHJvL9IBAA?hl=en-US&gl=US&ceid=US%3Aen,/api/attachments/CC8iK0NnNTVibmx4U1ZGQlRuZGpjV2R0VFJDb0FSaXNBaWdCTWdZUmdJaHFzUVU=-w200-h112-p-df,Apple,,,https://www.apple.com/newsroom/2024/02/apple-announces-more-than-600-new-apps-built-for-apple-vision-pro/\xd2\x01\x00'
11,AppleMoreApple extends Emergency SOS via satellite for an additional free year for existing iPhone 14 users,,Nov 15,,news.google.com/articles/CBMibWh0dHBzOi8vd3d3LmFwcGxlLmNvbS9uZXdzcm9vbS8yMDIzLzExL2FwcGxlLWV4dGVuZHMtZW1lcmdlbmN5LXNvcy12aWEtc2F0ZWxsaXRlLWZvci1hbi1hZGRpdGlvbmFsLWZyZWUteWVhci_SAQA?hl=en-US&gl=US&ceid=US%3Aen,/api/attachments/CC8iK0NnNXJkVXd6ZUY5SFoyY3dUVmQ0VFJDb0FSaXNBaWdCTWdZcGhaRE5zUVk=-w200-h112-p-df,Apple,,2024-11-15,https://www.apple.com/newsroom/2023/11/apple-extends-emergency-sos-via-satellite-for-an-additional-free-year/\xd2\x01\x00'
12,AppleMoreIntroducing Apple Business Connect,,"Jan 11, 2023",,news.google.com/articles/CBMiSmh0dHBzOi8vd3d3LmFwcGxlLmNvbS9uZXdzcm9vbS8yMDIzLzAxL2ludHJvZHVjaW5nLWFwcGxlLWJ1c2luZXNzLWNvbm5lY3Qv0gEA?hl=en-US&gl=US&ceid=US%3Aen,/api/attachments/CC8iK0NnNTZUVGswU25jMk5GSllXQzFLVFJDS0FoaS1BU2dCTWdZZE5JcnNvUVU=-w200-h112-p-df,Apple,,2023-01-11,https://www.apple.com/newsroom/2023/01/introducing-apple-business-connect/\xd2\x01\x00'
13,AppleMoreApple's Worldwide Developers Conference returns in its all-online format,,"Apr 5, 2022",,news.google.com/articles/CBMib2h0dHBzOi8vd3d3LmFwcGxlLmNvbS9uZXdzcm9vbS8yMDIyLzA0L2FwcGxlcy13b3JsZHdpZGUtZGV2ZWxvcGVycy1jb25mZXJlbmNlLXJldHVybnMtaW4taXRzLWFsbC1vbmxpbmUtZm9ybWF0L9IBAA?hl=en-US&gl=US&ceid=US%3Aen,/api/attachments/CC8iK0NnNHdablJDTkd4S1MyMHdkRmxIVFJDb0FSaXNBaWdCTWdhbGRJN050UVk=-w200-h112-p-df,Apple,,2022-04-05,https://www.apple.com/newsroom/2022/04/apples-worldwide-developers-conference-returns-in-its-all-online-format/\xd2\x01\x00'
14,AppleMoreApple launches Self Service Repair in Europe,,"Dec 6, 2022",,news.google.com/articles/CBMiVGh0dHBzOi8vd3d3LmFwcGxlLmNvbS9uZXdzcm9vbS8yMDIyLzEyL2FwcGxlLWxhdW5jaGVzLXNlbGYtc2VydmljZS1yZXBhaXItaW4tZXVyb3BlL9IBAA?hl=en-US&gl=US&ceid=US%3Aen,/api/attachments/CC8iMkNnNXhSM281WTA1V05FVTVZVk56VFJDMUFSaVdBaWdCTWd1QkFZaEhIV1p6RkZueW1R=-w200-h112-p-df,Apple,,2022-12-06,https://www.apple.com/newsroom/2022/12/apple-launches-self-service-repair-in-europe/\xd2\x01\x00'
15,AppleMoreApple introduces Apple Music Sing,,"Dec 6, 2022",,news.google.com/articles/CBMiSWh0dHBzOi8vd3d3LmFwcGxlLmNvbS9uZXdzcm9vbS8yMDIyLzEyL2FwcGxlLWludHJvZHVjZXMtYXBwbGUtbXVzaWMtc2luZy_SAQA?hl=en-US&gl=US&ceid=US%3Aen,/api/attachments/CC8iK0NnNXRVRUZQWjNwTlNFSnhRMmt4VFJDbUFSaXdBaWdCTWdZSmdveUlxZ2M=-w200-h112-p-df,Apple,,2022-12-06,https://www.apple.com/newsroom/2022/12/apple-introduces-apple-music-sing/\xd2\x01\x00'
16,AppleMoreApple unveils new Mac Studio and brings Apple silicon to Mac Pro,,"Jun 5, 2023",,news.google.com/articles/CBMiaGh0dHBzOi8vd3d3LmFwcGxlLmNvbS9uZXdzcm9vbS8yMDIzLzA2L2FwcGxlLXVudmVpbHMtbmV3LW1hYy1zdHVkaW8tYW5kLWJyaW5ncy1hcHBsZS1zaWxpY29uLXRvLW1hYy1wcm8v0gEA?hl=en-US&gl=US&ceid=US%3Aen,/api/attachments/CC8iK0NnNXZVVGN4UVVGVE9ESkpMVXBRVFJEaEFSamhBU2dCTWdhZE1vSXpJUWc=-w200-h112-p-df,Apple,,2023-06-05,https://www.apple.com/newsroom/2023/06/apple-unveils-new-mac-studio-and-brings-apple-silicon-to-mac-pro/\xd2\x01\x00'
17,AppleMoreiPhone 15 Pro and iPhone 15 Pro Max,,Sep 12,,news.google.com/articles/CBMiJGh0dHBzOi8vd3d3LmFwcGxlLmNvbS9pcGhvbmUtMTUtcHJvL9IBAA?hl=en-US&gl=US&ceid=US%3Aen,/api/attachments/CC8iK0NnNWpVMTl4ZFdGVVJGVXhWblJCVFJDakFSaTJBaWdCTWdhZGdvNXNzUVk=-w200-h112-p-df,Apple,,2024-09-12,https://www.apple.com/iphone-15-pro/\xd2\x01\x00'
18,AppleMoreEmergency SOS via satellite made possible by $450M Apple investment,,"Nov 10, 2022",,news.google.com/articles/CBMiamh0dHBzOi8vd3d3LmFwcGxlLmNvbS9uZXdzcm9vbS8yMDIyLzExL2VtZXJnZW5jeS1zb3MtdmlhLXNhdGVsbGl0ZS1tYWRlLXBvc3NpYmxlLWJ5LTQ1MG0tYXBwbGUtaW52ZXN0bWVudC_SAQA?hl=en-US&gl=US&ceid=US%3Aen,/api/attachments/CC8iK0NnNDVhM3BJTUVWNWMwRkNVamhLVFJDb0FSaXNBaWdCTWdZbEpZak9uUVk=-w200-h112-p-df,Apple,,2022-11-10,https://www.apple.com/newsroom/2022/11/emergency-sos-via-satellite-made-possible-by-450m-apple-investment/\xd2\x01\x00'
19,"AppleMoreApple unveils App Store Award winners, the best apps and games of 2023",,Nov 29,,news.google.com/articles/CBMibWh0dHBzOi8vd3d3LmFwcGxlLmNvbS9uZXdzcm9vbS8yMDIzLzExL2FwcGxlLXVudmVpbHMtYXBwLXN0b3JlLWF3YXJkLXdpbm5lcnMtdGhlLWJlc3QtYXBwcy1hbmQtZ2FtZXMtb2YtMjAyMy_SAQA?hl=en-US&gl=US&ceid=US%3Aen,/api/attachments/CC8iK0NnNTRkbmw0WTNsTldXRkxVVGxOVFJDb0FSaXNBaWdCTWdZdGhZN09OUVk=-w200-h112-p-df,Apple,,2024-11-29,https://www.apple.com/newsroom/2023/11/apple-unveils-app-store-award-winners-the-best-apps-and-games-of-2023/\xd2\x01\x00'
20,AppleMoreiPhone SE: A powerful new smartphone in a popular design,,"Apr 15, 2020",,news.google.com/articles/CBMiX2h0dHBzOi8vd3d3LmFwcGxlLmNvbS9uZXdzcm9vbS8yMDIwLzA0L2lwaG9uZS1zZS1hLXBvd2VyZnVsLW5ldy1zbWFydHBob25lLWluLWEtcG9wdWxhci1kZXNpZ24v0gEA?hl=en-US&gl=US&ceid=US%3Aen,/api/attachments/CC8iK0NnNXNSbWt0TW1GRldqaEVaRFp5VFJDdkFSaWZBaWdCTWdZaGc0U01TUU0=-w200-h112-p-df,Apple,,2020-04-15,https://www.apple.com/newsroom/2020/04/iphone-se-a-powerful-new-smartphone-in-a-popular-design/\xd2\x01\x00'
21,AppleMoreiOS 17 makes iPhone more personal and intuitive,,"Jun 5, 2023",,news.google.com/articles/CBMiV2h0dHBzOi8vd3d3LmFwcGxlLmNvbS9uZXdzcm9vbS8yMDIzLzA2L2lvcy0xNy1tYWtlcy1pcGhvbmUtbW9yZS1wZXJzb25hbC1hbmQtaW50dWl0aXZlL9IBAA?hl=en-US&gl=US&ceid=US%3Aen,/api/attachments/CC8iL0NnNXphRUU1YjFOYWVuTkhTVmx2VFJDM0FSaVRBaWdCTWdrRmNZcmtzdVl0ekFF=-w200-h112-p-df,Apple,,2023-06-05,https://www.apple.com/newsroom/2023/06/ios-17-makes-iphone-more-personal-and-intuitive/\xd2\x01\x00'
22,AppleMoreDeveloper tools to create spatial experiences for Apple Vision Pro now available,,"Jun 21, 2023",,news.google.com/articles/CBMieGh0dHBzOi8vd3d3LmFwcGxlLmNvbS9uZXdzcm9vbS8yMDIzLzA2L2RldmVsb3Blci10b29scy10by1jcmVhdGUtc3BhdGlhbC1leHBlcmllbmNlcy1mb3ItYXBwbGUtdmlzaW9uLXByby1ub3ctYXZhaWxhYmxlL9IBAA?hl=en-US&gl=US&ceid=US%3Aen,/api/attachments/CC8iK0NnNHdOVmQwWWxGMU1YaGhhWGcxVFJDb0FSaXNBaWdCTWdhbE1aRE5tUWs=-w200-h112-p-df,Apple,,2023-06-21,https://www.apple.com/newsroom/2023/06/developer-tools-to-create-spatial-experiences-for-apple-vision-pro-now-available/\xd2\x01\x00'
23,AppleMoreApple debuts iPhone 15 and iPhone 15 Plus,,Sep 12,,news.google.com/articles/CBMiUWh0dHBzOi8vd3d3LmFwcGxlLmNvbS9uZXdzcm9vbS8yMDIzLzA5L2FwcGxlLWRlYnV0cy1pcGhvbmUtMTUtYW5kLWlwaG9uZS0xNS1wbHVzL9IBAA?hl=en-US&gl=US&ceid=US%3Aen,/api/attachments/CC8iK0NnNW1SRU5JY3pGdGFWOXdUbVJ6VFJDS0FoaS1BU2dCTWdZaFU0NVV0UWM=-w200-h112-p-df,Apple,,2024-09-12,https://www.apple.com/newsroom/2023/09/apple-debuts-iphone-15-and-iphone-15-plus/\xd2\x01\x00'
24,"AppleMoreApple introduces AirPods Max, the magic of AirPods in a stunning over-ear design",,"Dec 8, 2020",,news.google.com/articles/CBMid2h0dHBzOi8vd3d3LmFwcGxlLmNvbS9uZXdzcm9vbS8yMDIwLzEyL2FwcGxlLWludHJvZHVjZXMtYWlycG9kcy1tYXgtdGhlLW1hZ2ljLW9mLWFpcnBvZHMtaW4tYS1zdHVubmluZy1vdmVyLWVhci1kZXNpZ24v0gEA?hl=en-US&gl=US&ceid=US%3Aen,/api/attachments/CC8iK0NnNUthMEZKUTBWaFdHeG1WRGhMVFJESkFSajdBU2dCTWdhZGM0cXNQUVU=-w200-h112-p-df,Apple,,2020-12-08,https://www.apple.com/newsroom/2020/12/apple-introduces-airpods-max-the-magic-of-airpods-in-a-stunning-over-ear-design/\xd2\x01\x00'
25,AppleMoreBehind the scenes at Scary Fast,,Oct 31,,news.google.com/articles/CBMia2h0dHBzOi8vd3d3LmFwcGxlLmNvbS9uZXdzcm9vbS8yMDIzLzEwL2JlaGluZC10aGUtc2NlbmVzLWF0LXNjYXJ5LWZhc3QtYXBwbGVzLWtleW5vdGUtZXZlbnQtc2hvdC1vbi1pcGhvbmUv0gEA?hl=en-US&gl=US&ceid=US%3Aen,/api/attachments/CC8iK0NnNUllRkpFTUc1bVZGWXpaRGxaVFJDb0FSaXNBaWdCTWdZTmdaQnRMUWM=-w200-h112-p-df,Apple,,2024-10-31,https://www.apple.com/newsroom/2023/10/behind-the-scenes-at-scary-fast-apples-keynote-event-shot-on-iphone/\xd2\x01\x00'
26,"AppleMoreApple Card's new high-yield Savings account is now available, offering a 4.15 percent APY",,"Apr 17, 2023",,news.google.com/articles/CBMihQFodHRwczovL3d3dy5hcHBsZS5jb20vbmV3c3Jvb20vMjAyMy8wNC9hcHBsZS1jYXJkcy1uZXctaGlnaC15aWVsZC1zYXZpbmdzLWFjY291bnQtaXMtbm93LWF2YWlsYWJsZS1vZmZlcmluZy1hLTQtcG9pbnQtMTUtcGVyY2VudC1hcHkv0gEA?hl=en-US&gl=US&ceid=US%3Aen,/api/attachments/CC8iK0NnNXBRVlZOYzJac2FVRnBiQzFmVFJDb0FSaXNBaWdCTWdhaE00aHdxUVU=-w200-h112-p-df,Apple,,2023-04-17,x85\x01https://www.apple.com/newsroom/2023/04/apple-cards-new-high-yield-savings-account-is-now-available-offering-a-4-point-15-percent-apy/\xd2\x01\x00'
27,AppleMoreApple previews new features coming to Apple services this fall,,"Jun 7, 2023",,news.google.com/articles/CBMiZmh0dHBzOi8vd3d3LmFwcGxlLmNvbS9uZXdzcm9vbS8yMDIzLzA2L2FwcGxlLXByZXZpZXdzLW5ldy1mZWF0dXJlcy1jb21pbmctdG8tYXBwbGUtc2VydmljZXMtdGhpcy1mYWxsL9IBAA?hl=en-US&gl=US&ceid=US%3Aen,/api/attachments/CC8iK0NnNVVYMlZST1ZoWGJIQkdkMUF0VFJDb0FSaXNBaWdCTWdZTlFvaXRwUVE=-w200-h112-p-df,Apple,,2023-06-07,https://www.apple.com/newsroom/2023/06/apple-previews-new-features-coming-to-apple-services-this-fall/\xd2\x01\x00'
28,AppleMoreApple expands Self Service Repair and updates System Configuration process,,"Jun 20, 2023",,news.google.com/articles/CBMicmh0dHBzOi8vd3d3LmFwcGxlLmNvbS9uZXdzcm9vbS8yMDIzLzA2L2FwcGxlLWV4cGFuZHMtc2VsZi1zZXJ2aWNlLXJlcGFpci1hbmQtdXBkYXRlcy1zeXN0ZW0tY29uZmlndXJhdGlvbi1wcm9jZXNzL9IBAA?hl=en-US&gl=US&ceid=US%3Aen,/api/attachments/CC8iK0NnNVpVRlZhVjI1WFFtZDJjVkF4VFJDakFSaTJBaWdCTWdhcGhaRE5zUVk=-w200-h112-p-df,Apple,,2023-06-20,https://www.apple.com/newsroom/2023/06/apple-expands-self-service-repair-and-updates-system-configuration-process/\xd2\x01\x00'
29,"AppleMoreApple introduces new Apple Pencil, bringing more value and choice to the lineup",,Oct 17,,news.google.com/articles/CBMidmh0dHBzOi8vd3d3LmFwcGxlLmNvbS9uZXdzcm9vbS8yMDIzLzEwL2FwcGxlLWludHJvZHVjZXMtbmV3LWFwcGxlLXBlbmNpbC1icmluZ2luZy1tb3JlLXZhbHVlLWFuZC1jaG9pY2UtdG8tdGhlLWxpbmV1cC_SAQA?hl=en-US&gl=US&ceid=US%3Aen,/api/attachments/CC8iJ0NnNVFjRm8xYVVoMlRGaFRaR2M0VFJDb0FSaXNBaWdCTWdNaEFBdw=-w200-h112-p-df,Apple,,2024-10-17,https://www.apple.com/newsroom/2023/10/apple-introduces-new-apple-pencil-bringing-more-value-and-choice-to-the-lineup/\xd2\x01\x00'
30,AppleMoreApple services enrich peoples' lives throughout the year,,"Jan 10, 2022",,news.google.com/articles/CBMiX2h0dHBzOi8vd3d3LmFwcGxlLmNvbS9uZXdzcm9vbS8yMDIyLzAxL2FwcGxlLXNlcnZpY2VzLWVucmljaC1wZW9wbGVzLWxpdmVzLXRocm91Z2hvdXQtdGhlLXllYXIv0gEA?hl=en-US&gl=US&ceid=US%3Aen,/api/attachments/CC8iK0NnNWZkVjlYYUZCMWF6UTVSWGhJVFJDb0FSaXNBaWdCTWdZQklJak1zQVU=-w200-h112-p-df,Apple,,2022-01-10,https://www.apple.com/newsroom/2022/01/apple-services-enrich-peoples-lives-throughout-the-year/\xd2\x01\x00'
31,AppleMoreApp Store Awards celebrate the best apps and games of 2022,,"Nov 28, 2022",,news.google.com/articles/CBMiYmh0dHBzOi8vd3d3LmFwcGxlLmNvbS9uZXdzcm9vbS8yMDIyLzExL2FwcC1zdG9yZS1hd2FyZHMtY2VsZWJyYXRlLXRoZS1iZXN0LWFwcHMtYW5kLWdhbWVzLW9mLTIwMjIv0gEA?hl=en-US&gl=US&ceid=US%3Aen,/api/attachments/CC8iK0NnNHRaa2RvTUVOcE1XRldZMWwzVFJDM0FSaVRBaWdCTWdZcGhaRE9NUVk=-w200-h112-p-df,Apple,,2022-11-28,https://www.apple.com/newsroom/2022/11/app-store-awards-celebrate-the-best-apps-and-games-of-2022/\xd2\x01\x00'
32,AppleMoreRedesigned Apple TV app elevates the viewing experience,,Dec 11,,news.google.com/articles/CBMiX2h0dHBzOi8vd3d3LmFwcGxlLmNvbS9uZXdzcm9vbS8yMDIzLzEyL3JlZGVzaWduZWQtYXBwbGUtdHYtYXBwLWVsZXZhdGVzLXRoZS12aWV3aW5nLWV4cGVyaWVuY2Uv0gEA?hl=en-US&gl=US&ceid=US%3Aen,/api/attachments/CC8iK0NnNXNPVFJHUnpsdVYybG5SRUZGVFJDb0FSaXNBaWdCTWdhUlFvWXJKUWc=-w200-h112-p-df,Apple,,2024-12-11,https://www.apple.com/newsroom/2023/12/redesigned-apple-tv-app-elevates-the-viewing-experience/\xd2\x01\x00'
33,AppleMoreApple unveils new MacBook Pro featuring M3 chips,,Oct 30,,news.google.com/articles/CBMiWGh0dHBzOi8vd3d3LmFwcGxlLmNvbS9uZXdzcm9vbS8yMDIzLzEwL2FwcGxlLXVudmVpbHMtbmV3LW1hY2Jvb2stcHJvLWZlYXR1cmluZy1tMy1jaGlwcy_SAQA?hl=en-US&gl=US&ceid=US%3Aen,/api/attachments/CC8iJ0NnNDVSMFoxZVdocmJ6VnpXbXRTVFJDb0FSaXNBaWdCTWdNWmd4SQ=-w200-h112-p-df,Apple,,2024-10-30,https://www.apple.com/newsroom/2023/10/apple-unveils-new-macbook-pro-featuring-m3-chips/\xd2\x01\x00'
34,AppleMoreApple to host annual Worldwide Developers Conference June 3-7 in San Jose,,"Mar 14, 2019",,news.google.com/articles/CBMicWh0dHBzOi8vd3d3LmFwcGxlLmNvbS9uZXdzcm9vbS8yMDE5LzAzL2FwcGxlLXRvLWhvc3QtYW5udWFsLXdvcmxkd2lkZS1kZXZlbG9wZXJzLWNvbmZlcmVuY2UtanVuZS0zLTctaW4tc2FuLWpvc2Uv0gEA?hl=en-US&gl=US&ceid=US%3Aen,/api/attachments/CC8iK0NnNUNaekJaZDJob1lVNDNUWGRLVFJDb0FSaXNBaWdCTWdhcFZKQ3RKUWM=-w200-h112-p-df,Apple,,2019-03-14,https://www.apple.com/newsroom/2019/03/apple-to-host-annual-worldwide-developers-conference-june-3-7-in-san-jose/\xd2\x01\x00'
35,AppleMoreiPhone 15 and iPhone 15 Plus,,Sep 12,,news.google.com/articles/CBMiIGh0dHBzOi8vd3d3LmFwcGxlLmNvbS9pcGhvbmUtMTUv0gEA?hl=en-US&gl=US&ceid=US%3Aen,/api/attachments/CC8iK0NnNTJXamRQUm5wRmRraHlVbVJGVFJDSUFSanlBaWdCTWdZcEZZck9uUVE=-w200-h112-p-df,Apple,,2024-09-12,https://www.apple.com/iphone-15/\xd2\x01\x00'
36,"AppleMoreApple News launches new audio features, expands local news offerings for readers",,"Jul 15, 2020",,news.google.com/articles/CBMid2h0dHBzOi8vd3d3LmFwcGxlLmNvbS9uZXdzcm9vbS8yMDIwLzA3L2FwcGxlLW5ld3MtbGF1bmNoZXMtbmV3LWF1ZGlvLWZlYXR1cmVzLWV4cGFuZHMtbG9jYWwtbmV3cy1vZmZlcmluZ3MtZm9yLXJlYWRlcnMv0gEA?hl=en-US&gl=US&ceid=US%3Aen,/api/attachments/CC8iL0NnNTROSFZSU0RSRVNtc3RWa1oxVFJEVkFSanNBU2dCTWdrTk1vb0dJZW1ocmdF=-w200-h112-p-df,Apple,,2020-07-15,https://www.apple.com/newsroom/2020/07/apple-news-launches-new-audio-features-expands-local-news-offerings-for-readers/\xd2\x01\x00'
37,AppleMoreiOS 17 is available today,,Sep 18,,news.google.com/articles/CBMiQWh0dHBzOi8vd3d3LmFwcGxlLmNvbS9uZXdzcm9vbS8yMDIzLzA5L2lvcy0xNy1pcy1hdmFpbGFibGUtdG9kYXkv0gEA?hl=en-US&gl=US&ceid=US%3Aen,/api/attachments/CC8iL0NnNWtaV293U0ZVd2FUbDVRVFk1VFJDb0FSaXNBaWdCTWdrTlVvckdLbWRGS2dJ=-w200-h112-p-df,Apple,,2024-09-18,https://www.apple.com/newsroom/2023/09/ios-17-is-available-today/\xd2\x01\x00'
38,AppleMoreFinal Cut Pro for Mac and iPad get powerful updates,,Nov 6,,news.google.com/articles/CBMiW2h0dHBzOi8vd3d3LmFwcGxlLmNvbS9uZXdzcm9vbS8yMDIzLzExL2ZpbmFsLWN1dC1wcm8tZm9yLW1hYy1hbmQtaXBhZC1nZXQtcG93ZXJmdWwtdXBkYXRlcy_SAQA?hl=en-US&gl=US&ceid=US%3Aen,/api/attachments/CC8iK0NnNWhNM2RPTUU1MFIyeGhkM0JTVFJDb0FSaXNBaWdCTWdhWllZNHFxUWM=-w200-h112-p-df,Apple,,2024-11-06,https://www.apple.com/newsroom/2023/11/final-cut-pro-for-mac-and-ipad-get-powerful-updates/\xd2\x01\x00'
39,"AppleMoreHello, yellow! Apple introduces new iPhone 14 and iPhone 14 Plus",,"Mar 7, 2023",,news.google.com/articles/CBMiZmh0dHBzOi8vd3d3LmFwcGxlLmNvbS9uZXdzcm9vbS8yMDIzLzAzL2hlbGxvLXllbGxvdy1hcHBsZS1pbnRyb2R1Y2VzLW5ldy1pcGhvbmUtMTQtYW5kLWlwaG9uZS0xNC1wbHVzL9IBAA?hl=en-US&gl=US&ceid=US%3Aen,/api/attachments/CC8iK0NnNXhhMFJRVld4cVFXNTFZV2xPVFJDS0FoaS1BU2dCTWdZVlE0cHh2UVE=-w200-h112-p-df,Apple,,2023-03-07,https://www.apple.com/newsroom/2023/03/hello-yellow-apple-introduces-new-iphone-14-and-iphone-14-plus/\xd2\x01\x00'
40,AppleMoreMeet the 2023 App Store Award finalists,,Nov 14,,news.google.com/articles/CBMiT2h0dHBzOi8vd3d3LmFwcGxlLmNvbS9uZXdzcm9vbS8yMDIzLzExL21lZXQtdGhlLTIwMjMtYXBwLXN0b3JlLWF3YXJkLWZpbmFsaXN0cy_SAQA?hl=en-US&gl=US&ceid=US%3Aen,/api/attachments/CC8iK0NnNWliVEpmZURoUk5YWjVMWEoyVFJDb0FSaXNBaWdCTWdZcE5aYk5IUWc=-w200-h112-p-df,Apple,,2024-11-14,https://www.apple.com/newsroom/2023/11/meet-the-2023-app-store-award-finalists/\xd2\x01\x00'
41,AppleMoreiPadOS 16 is available today,,"Oct 24, 2022",,news.google.com/articles/CBMiRGh0dHBzOi8vd3d3LmFwcGxlLmNvbS9uZXdzcm9vbS8yMDIyLzEwL2lwYWRvcy0xNi1pcy1hdmFpbGFibGUtdG9kYXkv0gEA?hl=en-US&gl=US&ceid=US%3Aen,/api/attachments/CC8iL0NnNWpWMmxMWm5OT1ZGUjZiREptVFJDLUFSaUtBaWdCTWdtUlFvZ3ZLU2VxS2dJ=-w200-h112-p-df,Apple,,2022-10-24,https://www.apple.com/newsroom/2022/10/ipados-16-is-available-today/\xd2\x01\x00'
42,AppleMoreApple introduces the powerful next-generation Apple TV 4K,,"Oct 18, 2022",,news.google.com/articles/CBMiYWh0dHBzOi8vd3d3LmFwcGxlLmNvbS9uZXdzcm9vbS8yMDIyLzEwL2FwcGxlLWludHJvZHVjZXMtdGhlLXBvd2VyZnVsLW5leHQtZ2VuZXJhdGlvbi1hcHBsZS10di00ay_SAQA?hl=en-US&gl=US&ceid=US%3Aen,/api/attachments/CC8iMkNnNVVZa2w1VWxnMFVIQldZV3h5VFJDM0FSaVRBaWdCTWdzUlE0Wm9IbXByU3RyWVRB=-w200-h112-p-df,Apple,,2022-10-18,https://www.apple.com/newsroom/2022/10/apple-introduces-the-powerful-next-generation-apple-tv-4k/\xd2\x01\x00'
43,AppleMoreApple launches the first driver's license and state ID in Wallet with Arizona,,"Mar 23, 2022",,news.google.com/articles/CBMidGh0dHBzOi8vd3d3LmFwcGxlLmNvbS9uZXdzcm9vbS8yMDIyLzAzL2FwcGxlLWxhdW5jaGVzLXRoZS1maXJzdC1kcml2ZXJzLWxpY2Vuc2UtYW5kLXN0YXRlLWlkLWluLXdhbGxldC13aXRoLWFyaXpvbmEv0gEA?hl=en-US&gl=US&ceid=US%3Aen,/api/attachments/CC8iK0NnNXpNeTExV2taVFptVTJiM3BNVFJDb0FSaXNBaWdCTWdZTjRZWXlSUVU=-w200-h112-p-df,Apple,,2022-03-23,https://www.apple.com/newsroom/2022/03/apple-launches-the-first-drivers-license-and-state-id-in-wallet-with-arizona/\xd2\x01\x00'
44,AppleMoreApple introduces Shop with a Specialist over Video,,"Mar 14, 2023",,news.google.com/articles/CBMiWmh0dHBzOi8vd3d3LmFwcGxlLmNvbS9uZXdzcm9vbS8yMDIzLzAzL2FwcGxlLWludHJvZHVjZXMtc2hvcC13aXRoLWEtc3BlY2lhbGlzdC1vdmVyLXZpZGVvL9IBAA?hl=en-US&gl=US&ceid=US%3Aen,/api/attachments/CC8iK0NnNXBjRjl6UVhwbVpteHlla2RmVFJDM0FSaVRBaWdCTWdZWlU0eXRvUVU=-w200-h112-p-df,Apple,,2023-03-14,https://www.apple.com/newsroom/2023/03/apple-introduces-shop-with-a-specialist-over-video/\xd2\x01\x00'
45,AppleMoreClips gets its biggest update ever,,"Oct 28, 2020",,news.google.com/articles/CBMiSmh0dHBzOi8vd3d3LmFwcGxlLmNvbS9uZXdzcm9vbS8yMDIwLzEwL2NsaXBzLWdldHMtaXRzLWJpZ2dlc3QtdXBkYXRlLWV2ZXIv0gEA?hl=en-US&gl=US&ceid=US%3Aen,/api/attachments/CC8iK0NnNHlWa1Z2VEVoMWNVOVRlWGt0VFJDeEFSaWNBaWdCTWdZTmNZNm5NQWc=-w200-h112-p-df,Apple,,2020-10-28,https://www.apple.com/newsroom/2020/10/clips-gets-its-biggest-update-ever/\xd2\x01\x00'
46,"AppleMoreApple announces biggest upgrade to App Store pricing, adding 700 new price points",,"Dec 6, 2022",,news.google.com/articles/CBMieGh0dHBzOi8vd3d3LmFwcGxlLmNvbS9uZXdzcm9vbS8yMDIyLzEyL2FwcGxlLWFubm91bmNlcy1iaWdnZXN0LXVwZ3JhZGUtdG8tYXBwLXN0b3JlLXByaWNpbmctYWRkaW5nLTcwMC1uZXctcHJpY2UtcG9pbnRzL9IBAA?hl=en-US&gl=US&ceid=US%3Aen,/api/attachments/CC8iK0NnNVBkVTlJZFRCSU0yOVpTbU5NVFJENUFSaktBU2dCTWdhTkU0NnJsUXM=-w200-h112-p-df,Apple,,2022-12-06,https://www.apple.com/newsroom/2022/12/apple-announces-biggest-upgrade-to-app-store-pricing-adding-700-new-price-points/\xd2\x01\x00'
47,AppleMoreApple launches Freeform: a powerful new app designed for creative collaboration,,"Dec 13, 2022",,news.google.com/articles/CBMidmh0dHBzOi8vd3d3LmFwcGxlLmNvbS9uZXdzcm9vbS8yMDIyLzEyL2FwcGxlLWxhdW5jaGVzLWZyZWVmb3JtLWEtcG93ZXJmdWwtbmV3LWFwcC1kZXNpZ25lZC1mb3ItY3JlYXRpdmUtY29sbGFib3JhdGlvbi_SAQA?hl=en-US&gl=US&ceid=US%3Aen,/api/attachments/CC8iK0NnNDJja2RLWm5ob1VFcGhWbVpLVFJDb0FSaXNBaWdCTWdZSmNvN25OUWM=-w200-h112-p-df,Apple,,2022-12-13,https://www.apple.com/newsroom/2022/12/apple-launches-freeform-a-powerful-new-app-designed-for-creative-collaboration/\xd2\x01\x00'
48,AppleMoreApple Fitness+ available to iPhone users in 21 countries starting October 24,,"Oct 20, 2022",,news.google.com/articles/CBMieGh0dHBzOi8vd3d3LmFwcGxlLmNvbS9uZXdzcm9vbS8yMDIyLzEwL2FwcGxlLWZpdG5lc3MtcGx1cy1hdmFpbGFibGUtdG8taXBob25lLXVzZXJzLWluLTIxLWNvdW50cmllcy1zdGFydGluZy1vY3RvYmVyLTI0L9IBAA?hl=en-US&gl=US&ceid=US%3Aen,/api/attachments/CC8iL0NnNVlMVGQwY1hGTGEyTmxUbWRCVFJDb0FSaXNBaWdCTWdtWmNvaUxNV1pVTkFF=-w200-h112-p-df,Apple,,2022-10-20,https://www.apple.com/newsroom/2022/10/apple-fitness-plus-available-to-iphone-users-in-21-countries-starting-october-24/\xd2\x01\x00'
49,AppleMoreEmergency SOS via satellite available today on iPhone 14 lineup,,"Nov 15, 2022",,news.google.com/articles/CBMiZ2h0dHBzOi8vd3d3LmFwcGxlLmNvbS9uZXdzcm9vbS8yMDIyLzExL2VtZXJnZW5jeS1zb3MtdmlhLXNhdGVsbGl0ZS1hdmFpbGFibGUtdG9kYXktb24taXBob25lLTE0LWxpbmV1cC_SAQA?hl=en-US&gl=US&ceid=US%3Aen,/api/attachments/CC8iK0NnNVVRblYyZWt4QlNuaGFhVmhTVFJDS0FoaS1BU2dCTWdhaFZJeXRKUWM=-w200-h112-p-df,Apple,,2022-11-15,https://www.apple.com/newsroom/2022/11/emergency-sos-via-satellite-available-today-on-iphone-14-lineup/\xd2\x01\x00'
50,AppleMoreApple unveils 2024 Black Unity Collection and announces six REJI grantees,,Jan 17,,news.google.com/articles/CBMicWh0dHBzOi8vd3d3LmFwcGxlLmNvbS9uZXdzcm9vbS8yMDI0LzAxL2FwcGxlLXVudmVpbHMtMjAyNC1ibGFjay11bml0eS1jb2xsZWN0aW9uLWFuZC1hbm5vdW5jZXMtc2l4LXJlamktZ3JhbnRlZXMv0gEA?hl=en-US&gl=US&ceid=US%3Aen,/api/attachments/CC8iL0NnNTNaM0l5VW1kd1ZVVlNZM1ZFVFJDb0FSaXNBaWdCTWdtQklaRFVHQ3JvU1FJ=-w200-h112-p-df,Apple,,2024-01-17,https://www.apple.com/newsroom/2024/01/apple-unveils-2024-black-unity-collection-and-announces-six-reji-grantees/\xd2\x01\x00'
51,AppleMoreApple announces powerful new privacy and security features,,"Jun 5, 2023",,news.google.com/articles/CBMiYmh0dHBzOi8vd3d3LmFwcGxlLmNvbS9uZXdzcm9vbS8yMDIzLzA2L2FwcGxlLWFubm91bmNlcy1wb3dlcmZ1bC1uZXctcHJpdmFjeS1hbmQtc2VjdXJpdHktZmVhdHVyZXMv0gEA?hl=en-US&gl=US&ceid=US%3Aen,/api/attachments/CC8iK0NnNTBRMlJ2V1dSeGQzaGxURU5HVFJDb0FSaXNBaWdCTWdZcGRaRE9LUWM=-w200-h112-p-df,Apple,,2023-06-05,https://www.apple.com/newsroom/2023/06/apple-announces-powerful-new-privacy-and-security-features/\xd2\x01\x00'
52,AppleMoreApple unveils MacBook Pro featuring M2 Pro and M2 Max,,"Jan 17, 2023",,news.google.com/articles/CBMiXWh0dHBzOi8vd3d3LmFwcGxlLmNvbS9uZXdzcm9vbS8yMDIzLzAxL2FwcGxlLXVudmVpbHMtbWFjYm9vay1wcm8tZmVhdHVyaW5nLW0yLXByby1hbmQtbTItbWF4L9IBAA?hl=en-US&gl=US&ceid=US%3Aen,/api/attachments/CC8iK0NnNUhTa3BSTTNWYU4yeDRielJNVFJDb0FSaXNBaWdCTWdhUmNwSW9NUWM=-w200-h112-p-df,Apple,,2023-01-17,https://www.apple.com/newsroom/2023/01/apple-unveils-macbook-pro-featuring-m2-pro-and-m2-max/\xd2\x01\x00'
53,AppleMoreApple supercharges Logic Pro for Mac and iPad,,Nov 6,,news.google.com/articles/CBMiVWh0dHBzOi8vd3d3LmFwcGxlLmNvbS9uZXdzcm9vbS8yMDIzLzExL2FwcGxlLXN1cGVyY2hhcmdlcy1sb2dpYy1wcm8tZm9yLW1hYy1hbmQtaXBhZC_SAQA?hl=en-US&gl=US&ceid=US%3Aen,/api/attachments/CC8iK0NnNUpTbmQyUkZkclVuQjNia0ZwVFJDb0FSaXNBaWdCTWdhVlVZenJMQWM=-w200-h112-p-df,Apple,,2024-11-06,https://www.apple.com/newsroom/2023/11/apple-supercharges-logic-pro-for-mac-and-ipad/\xd2\x01\x00'
54,"AppleMoreApple unveils M3, M3 Pro, and M3 Max, the most advanced chips for a personal computer",,Oct 30,,news.google.com/articles/CBMiemh0dHBzOi8vd3d3LmFwcGxlLmNvbS9uZXdzcm9vbS8yMDIzLzEwL2FwcGxlLXVudmVpbHMtbTMtbTMtcHJvLWFuZC1tMy1tYXgtdGhlLW1vc3QtYWR2YW5jZWQtY2hpcHMtZm9yLWEtcGVyc29uYWwtY29tcHV0ZXIv0gEA?hl=en-US&gl=US&ceid=US%3Aen,/api/attachments/CC8iK0NnNUthV2hMZDNCb1lsZFdVM00xVFJDb0FSaXNBaWdCTWdhSm9aS3RQUWM=-w200-h112-p-df,Apple,,2024-10-30,https://www.apple.com/newsroom/2023/10/apple-unveils-m3-m3-pro-and-m3-max-the-most-advanced-chips-for-a-personal-computer/\xd2\x01\x00'
55,AppleMoreApple introduces the new HomePod with breakthrough sound and intelligence,,"Jan 18, 2023",,news.google.com/articles/CBMicWh0dHBzOi8vd3d3LmFwcGxlLmNvbS9uZXdzcm9vbS8yMDIzLzAxL2FwcGxlLWludHJvZHVjZXMtdGhlLW5ldy1ob21lcG9kLXdpdGgtYnJlYWt0aHJvdWdoLXNvdW5kLWFuZC1pbnRlbGxpZ2VuY2Uv0gEA?hl=en-US&gl=US&ceid=US%3Aen,/api/attachments/CC8iK0NnNHlTREJMZWtsSFYyMUpXRXR2VFJDb0FSaXNBaWdCTWdZWms0eXN0UVk=-w200-h112-p-df,Apple,,2023-01-18,https://www.apple.com/newsroom/2023/01/apple-introduces-the-new-homepod-with-breakthrough-sound-and-intelligence/\xd2\x01\x00'
56,AppleMoreApple Watch Pride Edition celebrates the LGBTQ+ community,,"May 9, 2023",,news.google.com/articles/CBMiYGh0dHBzOi8vd3d3LmFwcGxlLmNvbS9uZXdzcm9vbS8yMDIzLzA1L2FwcGxlLXdhdGNoLXByaWRlLWVkaXRpb24tY2VsZWJyYXRlcy10aGUtbGdidHEtY29tbXVuaXR5L9IBAA?hl=en-US&gl=US&ceid=US%3Aen,/api/attachments/CC8iK0NnNTNVRVZNYzBWR1ZrZHNWMUpSVFJEaEFSamhBU2dCTWdhVlU0N0pxUVk=-w200-h112-p-df,Apple,,2023-05-09,https://www.apple.com/newsroom/2023/05/apple-watch-pride-edition-celebrates-the-lgbtq-community/\xd2\x01\x00'
57,"AppleMoreiMac features all-new design in vibrant colors, M1 chip, and 4.5K Retina display",,"Apr 20, 2021",,news.google.com/articles/CBMidWh0dHBzOi8vd3d3LmFwcGxlLmNvbS9uZXdzcm9vbS8yMDIxLzA0L2ltYWMtZmVhdHVyZXMtYWxsLW5ldy1kZXNpZ24taW4tdmlicmFudC1jb2xvcnMtbTEtY2hpcC1hbmQtNDVrLXJldGluYS1kaXNwbGF5L9IBAA?hl=en-US&gl=US&ceid=US%3Aen,/api/attachments/CC8iJ0NnNU9WbU5mV1VaUlJ6UkZhVjlsVFJDb0FSaXNBaWdCTWdNRmNSQQ=-w200-h112-p-df,Apple,,2021-04-20,https://www.apple.com/newsroom/2021/04/imac-features-all-new-design-in-vibrant-colors-m1-chip-and-45k-retina-display/\xd2\x01\x00'
58,AppleMoremacOS Ventura is now available,,"Oct 24, 2022",,news.google.com/articles/CBMiRmh0dHBzOi8vd3d3LmFwcGxlLmNvbS9uZXdzcm9vbS8yMDIyLzEwL21hY29zLXZlbnR1cmEtaXMtbm93LWF2YWlsYWJsZS_SAQA?hl=en-US&gl=US&ceid=US%3Aen,/api/attachments/CC8iK0NnNUlkbTlLYWxOb1VEbGxia3d3VFJDb0FSaXNBaWdCTWdZSmdvckdVZ1E=-w200-h112-p-df,Apple,,2022-10-24,https://www.apple.com/newsroom/2022/10/macos-ventura-is-now-available/\xd2\x01\x00'
59,AppleMoremacOS Sonoma brings new capabilities for elevating productivity and creativity,,"Jun 5, 2023",,news.google.com/articles/CBMidmh0dHBzOi8vd3d3LmFwcGxlLmNvbS9uZXdzcm9vbS8yMDIzLzA2L21hY29zLXNvbm9tYS1icmluZ3MtbmV3LWNhcGFiaWxpdGllcy1mb3ItZWxldmF0aW5nLXByb2R1Y3Rpdml0eS1hbmQtY3JlYXRpdml0eS_SAQA?hl=en-US&gl=US&ceid=US%3Aen,/api/attachments/CC8iL0NnNXJNbXBDWVhCbU1YaEpSVUZrVFJDb0FSaXNBaWdCTWdtSllvckZUcVJyQ2dJ=-w200-h112-p-df,Apple,,2023-06-05,https://www.apple.com/newsroom/2023/06/macos-sonoma-brings-new-capabilities-for-elevating-productivity-and-creativity/\xd2\x01\x00'
60,AppleMoreApple supercharges 24-inch iMac with new M3 chip,,Oct 30,,news.google.com/articles/CBMiWGh0dHBzOi8vd3d3LmFwcGxlLmNvbS9uZXdzcm9vbS8yMDIzLzEwL2FwcGxlLXN1cGVyY2hhcmdlcy0yNC1pbmNoLWltYWMtd2l0aC1uZXctbTMtY2hpcC_SAQA?hl=en-US&gl=US&ceid=US%3Aen,/api/attachments/CC8iK0NnNUJNbnBHTjBKcmJraHpaa0ZaVFJDLUFSaUtBaWdCTWdZZE5Jck1IUVk=-w200-h112-p-df,Apple,,2024-10-30,https://www.apple.com/newsroom/2023/10/apple-supercharges-24-inch-imac-with-new-m3-chip/\xd2\x01\x00'
61,"AppleMoreApple and Major League Soccer announce MLS Season Pass launches February 1, 2023",,"Nov 16, 2022",,news.google.com/articles/CBMid2h0dHBzOi8vd3d3LmFwcGxlLmNvbS9uZXdzcm9vbS8yMDIyLzExL2FwcGxlLWFuZC1tYWpvci1sZWFndWUtc29jY2VyLWFubm91bmNlLW1scy1zZWFzb24tcGFzcy1sYXVuY2hlcy1mZWJydWFyeS0xLTIwMjMv0gEA?hl=en-US&gl=US&ceid=US%3Aen,/api/attachments/CC8iK0NnNDNkVmRrWTJReWRVaE9hWG8wVFJDb0FSaXNBaWdCTWdZZFJKS05KUWM=-w200-h112-p-df,Apple,,2022-11-16,https://www.apple.com/newsroom/2022/11/apple-and-major-league-soccer-announce-mls-season-pass-launches-february-1-2023/\xd2\x01\x00'
62,"AppleMoreApple launches Journal app, a new app for reflecting on everyday moments",,Dec 11,,news.google.com/articles/CBMib2h0dHBzOi8vd3d3LmFwcGxlLmNvbS9uZXdzcm9vbS8yMDIzLzEyL2FwcGxlLWxhdW5jaGVzLWpvdXJuYWwtYXBwLWEtbmV3LWFwcC1mb3ItcmVmbGVjdGluZy1vbi1ldmVyeWRheS1tb21lbnRzL9IBAA?hl=en-US&gl=US&ceid=US%3Aen,/api/attachments/CC8iK0NnNUpUMVJ2UlRKYVVuSjVVVUZuVFJDLUFSaUtBaWdCTWdZVlE0aEpvUWM=-w200-h112-p-df,Apple,,2024-12-11,https://www.apple.com/newsroom/2023/12/apple-launches-journal-app-a-new-app-for-reflecting-on-everyday-moments/\xd2\x01\x00'
63,"AppleMorePixar, Adobe, Apple, Autodesk, and NVIDIA form Alliance for OpenUSD",,"Aug 1, 2023",,news.google.com/articles/CBMiZ2h0dHBzOi8vd3d3LmFwcGxlLmNvbS9uZXdzcm9vbS8yMDIzLzA4L3BpeGFyLWFkb2JlLWFwcGxlLWF1dG9kZXNrLWFuZC1udmlkaWEtZm9ybS1hbGxpYW5jZS1mb3Itb3BlbnVzZC_SAQA?hl=en-US&gl=US&ceid=US%3Aen,/api/attachments/CC8iK0NnNDFVM2hyVVdkaVF6SnlPV05GVFJDb0FSaXNBaWdCTWdZcHBZcXRQUVE=-w200-h112-p-df,Apple,,2023-08-01,https://www.apple.com/newsroom/2023/08/pixar-adobe-apple-autodesk-and-nvidia-form-alliance-for-openusd/\xd2\x01\x00'
64,AppleMoreApple launches new concert discovery features on Apple Maps and Apple Music,,"May 16, 2023",,news.google.com/articles/CBMic2h0dHBzOi8vd3d3LmFwcGxlLmNvbS9uZXdzcm9vbS8yMDIzLzA1L2FwcGxlLWxhdW5jaGVzLW5ldy1jb25jZXJ0LWRpc2NvdmVyeS1mZWF0dXJlcy1vbi1hcHBsZS1tYXBzLWFuZC1hcHBsZS1tdXNpYy_SAQA?hl=en-US&gl=US&ceid=US%3Aen,/api/attachments/CC8iK0NnNWFkUzB0VUZsSVRHeFNjazVCVFJDb0FSaXNBaWdCTWdhZEk0cHJIUWs=-w200-h112-p-df,Apple,,2023-05-16,https://www.apple.com/newsroom/2023/05/apple-launches-new-concert-discovery-features-on-apple-maps-and-apple-music/\xd2\x01\x00'
65,AppleMoreApple builds on privacy commitment by unveiling new efforts on Data Privacy Day,,"Jan 24, 2023",,news.google.com/articles/CBMid2h0dHBzOi8vd3d3LmFwcGxlLmNvbS9uZXdzcm9vbS8yMDIzLzAxL2FwcGxlLWJ1aWxkcy1vbi1wcml2YWN5LWNvbW1pdG1lbnQtYnktdW52ZWlsaW5nLW5ldy1lZmZvcnRzLW9uLWRhdGEtcHJpdmFjeS1kYXkv0gEA?hl=en-US&gl=US&ceid=US%3Aen,/api/attachments/CC8iK0NnNVdXVGxMWkZwTlFWbDRiblUwVFJDc0FSaWxBaWdCTWdhVlZJckxyUVE=-w200-h112-p-df,Apple,,2023-01-24,https://www.apple.com/newsroom/2023/01/apple-builds-on-privacy-commitment-by-unveiling-new-efforts-on-data-privacy-day/\xd2\x01\x00'
66,"AppleMorewatchOS 8 brings new access, connectivity, and mindfulness features to Apple Watch",,"Jun 7, 2021",,news.google.com/articles/CBMieGh0dHBzOi8vd3d3LmFwcGxlLmNvbS9uZXdzcm9vbS8yMDIxLzA2L3dhdGNob3MtOC1icmluZ3MtbmV3LWFjY2Vzcy1jb25uZWN0aXZpdHktYW5kLW1pbmRmdWxuZXNzLWZlYXR1cmVzLXRvLWFwcGxlLXdhdGNoL9IBAA?hl=en-US&gl=US&ceid=US%3Aen,/api/attachments/CC8iK0NnNHRjVzVuU1haa2NtTkdjV04xVFJEaEFSamhBU2dCTWdZbFpaTE1yUWM=-w200-h112-p-df,Apple,,2021-06-07,https://www.apple.com/newsroom/2021/06/watchos-8-brings-new-access-connectivity-and-mindfulness-features-to-apple-watch/\xd2\x01\x00'
67,AppleMoreApple Arcade launches 4 new games and 40+ updates in September,,Sep 5,,news.google.com/articles/CBMiamh0dHBzOi8vd3d3LmFwcGxlLmNvbS9uZXdzcm9vbS8yMDIzLzA5L2FwcGxlLWFyY2FkZS1sYXVuY2hlcy00LW5ldy1nYW1lcy1hbmQtb3Zlci00MC11cGRhdGVzLWluLXNlcHRlbWJlci_SAQA?hl=en-US&gl=US&ceid=US%3Aen,/api/attachments/CC8iL0NnNVRXVmRJVEdkMmNuSmtkSEJ0VFJDb0FSaXNBaWdCTWdrWlE0cU5vZWh6YndF=-w200-h112-p-df,Apple,,2024-09-05,https://www.apple.com/newsroom/2023/09/apple-arcade-launches-4-new-games-and-over-40-updates-in-september/\xd2\x01\x00'
68,AppleMoreApple introduces the advanced new Apple Watch Series 9,,Sep 12,,news.google.com/articles/CBMiXmh0dHBzOi8vd3d3LmFwcGxlLmNvbS9uZXdzcm9vbS8yMDIzLzA5L2FwcGxlLWludHJvZHVjZXMtdGhlLWFkdmFuY2VkLW5ldy1hcHBsZS13YXRjaC1zZXJpZXMtOS_SAQA?hl=en-US&gl=US&ceid=US%3Aen,/api/attachments/CC8iK0NnNVdRamN5ZFMxbmRrdHhaR2hNVFJDb0FSaXNBaWdCTWdhVmdvNUpzUVk=-w200-h112-p-df,Apple,,2024-09-12,https://www.apple.com/newsroom/2023/09/apple-introduces-the-advanced-new-apple-watch-series-9/\xd2\x01\x00'
69,AppleMoreApple celebrates Black History Month with Unity Collection and exclusive content,,"Jan 18, 2023",,news.google.com/articles/CBMieGh0dHBzOi8vd3d3LmFwcGxlLmNvbS9uZXdzcm9vbS8yMDIzLzAxL2FwcGxlLWNlbGVicmF0ZXMtYmxhY2staGlzdG9yeS1tb250aC13aXRoLXVuaXR5LWNvbGxlY3Rpb24tYW5kLWV4Y2x1c2l2ZS1jb250ZW50L9IBAA?hl=en-US&gl=US&ceid=US%3Aen,/api/attachments/CC8iK0NnNW1TMDh5WlhoUFEyMVNiRUpSVFJDb0FSaXNBaWdCTWdZVk1vaUpKUWM=-w200-h112-p-df,Apple,,2023-01-18,https://www.apple.com/newsroom/2023/01/apple-celebrates-black-history-month-with-unity-collection-and-exclusive-content/\xd2\x01\x00'
70,AppleMoreApple introduces iPhone 12 Pro and iPhone 12 Pro Max with 5G,,"Oct 13, 2020",,news.google.com/articles/CBMiZGh0dHBzOi8vd3d3LmFwcGxlLmNvbS9uZXdzcm9vbS8yMDIwLzEwL2FwcGxlLWludHJvZHVjZXMtaXBob25lLTEyLXByby1hbmQtaXBob25lLTEyLXByby1tYXgtd2l0aC01Zy_SAQA?hl=en-US&gl=US&ceid=US%3Aen,/api/attachments/CC8iK0NnNXRUbVEyUm05NmVsUTNiMmRwVFJDb0FSaXNBaWdCTWdhSmRZb0pMZ1k=-w200-h112-p-df,Apple,,2020-10-13,https://www.apple.com/newsroom/2020/10/apple-introduces-iphone-12-pro-and-iphone-12-pro-max-with-5g/\xd2\x01\x00'
71,AppleMoreiPhone 15 lineup and new Apple Watch lineup arrive worldwide,,Sep 22,,news.google.com/articles/CBMiZGh0dHBzOi8vd3d3LmFwcGxlLmNvbS9uZXdzcm9vbS8yMDIzLzA5L2lwaG9uZS0xNS1saW5ldXAtYW5kLW5ldy1hcHBsZS13YXRjaC1saW5ldXAtYXJyaXZlLXdvcmxkd2lkZS_SAQA?hl=en-US&gl=US&ceid=US%3Aen,/api/attachments/CC8iK0NnNUZXa3hWYlZWRVFYRjBVWFZJVFJDb0FSaXNBaWdCTWdZQk1KekdIQW8=-w200-h112-p-df,Apple,,2024-09-22,https://www.apple.com/newsroom/2023/09/iphone-15-lineup-and-new-apple-watch-lineup-arrive-worldwide/\xd2\x01\x00'
72,AppleMoreApple unveils Apple Watch Ultra 2,,Sep 12,,news.google.com/articles/CBMiSWh0dHBzOi8vd3d3LmFwcGxlLmNvbS9uZXdzcm9vbS8yMDIzLzA5L2FwcGxlLXVudmVpbHMtYXBwbGUtd2F0Y2gtdWx0cmEtMi_SAQA?hl=en-US&gl=US&ceid=US%3Aen,/api/attachments/CC8iK0NnNWxhbEJNZWtOc1IwcGphVGhqVFJDb0FSaXNBaWdCTWdhTmNaTE5zUVk=-w200-h112-p-df,Apple,,2024-09-12,https://www.apple.com/newsroom/2023/09/apple-unveils-apple-watch-ultra-2/\xd2\x01\x00'
73,AppleMoreTaylor Swift is Apple Music's Artist of the Year for 2023,,Nov 8,,news.google.com/articles/CBMiYGh0dHBzOi8vd3d3LmFwcGxlLmNvbS9uZXdzcm9vbS8yMDIzLzExL3RheWxvci1zd2lmdC1pcy1hcHBsZS1tdXNpY3MtYXJ0aXN0LW9mLXRoZS15ZWFyLWZvci0yMDIzL9IBAA?hl=en-US&gl=US&ceid=US%3Aen,/api/attachments/CC8iK0NnNXBTRzFpWm5nd1QydDZUMk5QVFJDb0FSaXNBaWdCTWdZcGRvenRyUVk=-w200-h112-p-df,Apple,,2024-11-08,https://www.apple.com/newsroom/2023/11/taylor-swift-is-apple-musics-artist-of-the-year-for-2023/\xd2\x01\x00'
74,AppleMoreApple unveils M2 Pro and M2 Max: next-generation chips for next-level workflows,,"Jan 17, 2023",,news.google.com/articles/CBMidmh0dHBzOi8vd3d3LmFwcGxlLmNvbS9uZXdzcm9vbS8yMDIzLzAxL2FwcGxlLXVudmVpbHMtbTItcHJvLWFuZC1tMi1tYXgtbmV4dC1nZW5lcmF0aW9uLWNoaXBzLWZvci1uZXh0LWxldmVsLXdvcmtmbG93cy_SAQA?hl=en-US&gl=US&ceid=US%3Aen,/api/attachments/CC8iK0NnNUhiMUV0TUUxeWFVMVVZbVZuVFJDb0FSaXNBaWdCTWdhVmtwTG9PQWM=-w200-h112-p-df,Apple,,2023-01-17,https://www.apple.com/newsroom/2023/01/apple-unveils-m2-pro-and-m2-max-next-generation-chips-for-next-level-workflows/\xd2\x01\x00'
75,"AppleMoreApple introduces new Mac mini with M2 and M2 Pro — more powerful, capable, and versatile than ever",,"Jan 17, 2023",,news.google.com/articles/CBMihgFodHRwczovL3d3dy5hcHBsZS5jb20vbmV3c3Jvb20vMjAyMy8wMS9hcHBsZS1pbnRyb2R1Y2VzLW5ldy1tYWMtbWluaS13aXRoLW0yLWFuZC1tMi1wcm8tbW9yZS1wb3dlcmZ1bC1jYXBhYmxlLWFuZC12ZXJzYXRpbGUtdGhhbi1ldmVyL9IBAA?hl=en-US&gl=US&ceid=US%3Aen,/api/attachments/CC8iK0NnNVhORUpXVDJwaVVYWnFVMGhZVFJDb0FSaXNBaWdCTWdZWmM1S3NxUWM=-w200-h112-p-df,Apple,,2023-01-17,x86\x01https://www.apple.com/newsroom/2023/01/apple-introduces-new-mac-mini-with-m2-and-m2-pro-more-powerful-capable-and-versatile-than-ever/\xd2\x01\x00'
76,AppleMoreApple Watch Series 9,,Sep 12,,news.google.com/articles/CBMiK2h0dHBzOi8vd3d3LmFwcGxlLmNvbS9hcHBsZS13YXRjaC1zZXJpZXMtOS_SAQA?hl=en-US&gl=US&ceid=US%3Aen,/api/attachments/CC8iK0NnNHRZMjVtZUZoa2RVWkpUa1UwVFJEaEFSamhBU2dCTWdhbGhKQ3N0UVk=-w200-h112-p-df,Apple,,2024-09-12,https://www.apple.com/apple-watch-series-9/\xd2\x01\x00'
77,"AppleMoreApple MixC Wenzhou opens for customers this Saturday, November 4, in China",,Nov 2,,news.google.com/articles/CBMicGh0dHBzOi8vd3d3LmFwcGxlLmNvbS9uZXdzcm9vbS8yMDIzLzExL2FwcGxlLW1peGMtd2VuemhvdS1vcGVucy1mb3ItY3VzdG9tZXJzLXRoaXMtc2F0dXJkYXktbm92ZW1iZXItNC1pbi1jaGluYS_SAQA?hl=en-US&gl=US&ceid=US%3Aen,/api/attachments/CC8iK0NnNXhZVXRuWlUxVmRIaEhaMHB1VFJDb0FSaXNBaWdCTWdZQnNJNUV3Z1k=-w200-h112-p-df,Apple,,2024-11-02,https://www.apple.com/newsroom/2023/11/apple-mixc-wenzhou-opens-for-customers-this-saturday-november-4-in-china/\xd2\x01\x00'
78,AppleMoreApple introduces the 15-inch MacBook Air,,"Jun 5, 2023",,news.google.com/articles/CBMiUGh0dHBzOi8vd3d3LmFwcGxlLmNvbS9uZXdzcm9vbS8yMDIzLzA2L2FwcGxlLWludHJvZHVjZXMtdGhlLTE1LWluY2gtbWFjYm9vay1haXIv0gEA?hl=en-US&gl=US&ceid=US%3Aen,/api/attachments/CC8iK0NnNVFURXhOTVZneFFYaHJNVXRoVFJDb0FSaXNBaWdCTWdhZFJZWUxMZ1E=-w200-h112-p-df,Apple,,2023-06-05,https://www.apple.com/newsroom/2023/06/apple-introduces-the-15-inch-macbook-air/\xd2\x01\x00'
79,AppleMoreApple unveils the top books of 2023 and a new Year in Review experience,,Nov 28,,news.google.com/articles/CBMib2h0dHBzOi8vd3d3LmFwcGxlLmNvbS9uZXdzcm9vbS8yMDIzLzExL2FwcGxlLXVudmVpbHMtdGhlLXRvcC1ib29rcy1vZi0yMDIzLWFuZC1hLW5ldy15ZWFyLWluLXJldmlldy1leHBlcmllbmNlL9IBAA?hl=en-US&gl=US&ceid=US%3Aen,/api/attachments/CC8iL0NnNHhRbVpXYTNwQmNXSXhaR1l0VFJEaEFSamhBU2dCTWdrVlFvcnFwU1k5VVFF=-w200-h112-p-df,Apple,,2024-11-28,https://www.apple.com/newsroom/2023/11/apple-unveils-the-top-books-of-2023-and-a-new-year-in-review-experience/\xd2\x01\x00'
80,AppleMoreApple and Major League Baseball to offer “Friday Night Baseball”,,"Mar 8, 2022",,news.google.com/articles/CBMiZmh0dHBzOi8vd3d3LmFwcGxlLmNvbS9uZXdzcm9vbS8yMDIyLzAzL2FwcGxlLWFuZC1tYWpvci1sZWFndWUtYmFzZWJhbGwtdG8tb2ZmZXItZnJpZGF5LW5pZ2h0LWJhc2ViYWxsL9IBAA?hl=en-US&gl=US&ceid=US%3Aen,/api/attachments/CC8iK0NnNWlZMmRFTlY5TlMzRkVVVEJGVFJDakFSaTJBaWdCTWdhbGhJcXRyUVU=-w200-h112-p-df,Apple,,2022-03-08,https://www.apple.com/newsroom/2022/03/apple-and-major-league-baseball-to-offer-friday-night-baseball/\xd2\x01\x00'
81,AppleMoreApple unveils its first carbon neutral products,,Sep 12,,news.google.com/articles/CBMiV2h0dHBzOi8vd3d3LmFwcGxlLmNvbS9uZXdzcm9vbS8yMDIzLzA5L2FwcGxlLXVudmVpbHMtaXRzLWZpcnN0LWNhcmJvbi1uZXV0cmFsLXByb2R1Y3RzL9IBAA?hl=en-US&gl=US&ceid=US%3Aen,/api/attachments/CC8iK0NnNUlSVWgxT1VsdmVtMWtZbWRWVFJDb0FSaXNBaWdCTWdhQkVaWlFvUWM=-w200-h112-p-df,Apple,,2024-09-12,https://www.apple.com/newsroom/2023/09/apple-unveils-its-first-carbon-neutral-products/\xd2\x01\x00'
82,AppleMoreThe Athletic joins Apple News+,,Dec 19,,news.google.com/articles/CBMiSmh0dHBzOi8vd3d3LmFwcGxlLmNvbS9uZXdzcm9vbS8yMDIzLzEyL3RoZS1hdGhsZXRpYy1qb2lucy1hcHBsZS1uZXdzLXBsdXMv0gEA?hl=en-US&gl=US&ceid=US%3Aen,/api/attachments/CC8iK0NnNHdaalpFTlhsRlpsaDROSFJIVFJDS0FoaS1BU2dCTWdhZE00aXNIUWc=-w200-h112-p-df,Apple,,2024-12-19,https://www.apple.com/newsroom/2023/12/the-athletic-joins-apple-news-plus/\xd2\x01\x00'
83,"AppleMoreIntroducing watchOS 10, a milestone update for Apple Watch",,"Jun 5, 2023",,news.google.com/articles/CBMiYWh0dHBzOi8vd3d3LmFwcGxlLmNvbS9uZXdzcm9vbS8yMDIzLzA2L2ludHJvZHVjaW5nLXdhdGNob3MtMTAtYS1taWxlc3RvbmUtdXBkYXRlLWZvci1hcHBsZS13YXRjaC_SAQA?hl=en-US&gl=US&ceid=US%3Aen,/api/attachments/CC8iK0NnNTNPVEp2WHpkTWJYaDViMlkzVFJDb0FSaXNBaWdCTWdZRmNaTG1NQWM=-w200-h112-p-df,Apple,,2023-06-05,https://www.apple.com/newsroom/2023/06/introducing-watchos-10-a-milestone-update-for-apple-watch/\xd2\x01\x00'
84,AppleMoreApple introduces M2 Ultra,,"Jun 5, 2023",,news.google.com/articles/CBMiQWh0dHBzOi8vd3d3LmFwcGxlLmNvbS9uZXdzcm9vbS8yMDIzLzA2L2FwcGxlLWludHJvZHVjZXMtbTItdWx0cmEv0gEA?hl=en-US&gl=US&ceid=US%3Aen,/api/attachments/CC8iK0NnNU1iMTlpT1hoV09XRkhkVXBpVFJDb0FSaXNBaWdCTWdZcGxaQ3ROUVk=-w200-h112-p-df,Apple,,2023-06-05,https://www.apple.com/newsroom/2023/06/apple-introduces-m2-ultra/\xd2\x01\x00'
85,AppleMorewatchOS 10 is available today,,Sep 18,,news.google.com/articles/CBMiRWh0dHBzOi8vd3d3LmFwcGxlLmNvbS9uZXdzcm9vbS8yMDIzLzA5L3dhdGNob3MtMTAtaXMtYXZhaWxhYmxlLXRvZGF5L9IBAA?hl=en-US&gl=US&ceid=US%3Aen,/api/attachments/CC8iK0NnNXJRbWhzZWpWa1pXTkRhMVJ2VFJDb0FSaXNBaWdCTWdZZGM1TE5LUWM=-w200-h112-p-df,Apple,,2024-09-18,https://www.apple.com/newsroom/2023/09/watchos-10-is-available-today/\xd2\x01\x00'
86,AppleMoreApple Music Classical is here,,"Mar 28, 2023",,news.google.com/articles/CBMiRWh0dHBzOi8vd3d3LmFwcGxlLmNvbS9uZXdzcm9vbS8yMDIzLzAzL2FwcGxlLW11c2ljLWNsYXNzaWNhbC1pcy1oZXJlL9IBAA?hl=en-US&gl=US&ceid=US%3Aen,/api/attachments/CC8iL0NnNTFNbXhxVkZVdFNIRjFNRGhVVFJDb0FSaXNBaWdCTWdrQklwWlFrYWlCREFJ=-w200-h112-p-df,Apple,,2023-03-28,https://www.apple.com/newsroom/2023/03/apple-music-classical-is-here/\xd2\x01\x00'
87,CNNMoreApple suspends all product sales in Russia,,"Mar 1, 2022",,news.google.com/articles/CBMiO2h0dHBzOi8vd3d3LmNubi5jb20vMjAyMi8wMy8wMS90ZWNoL2FwcGxlLXJ1c3NpYS9pbmRleC5odG1s0gE_aHR0cHM6Ly9hbXAuY25uLmNvbS9jbm4vMjAyMi8wMy8wMS90ZWNoL2FwcGxlLXJ1c3NpYS9pbmRleC5odG1s?hl=en-US&gl=US&ceid=US%3Aen,/api/attachments/CC8iK0NnNDVkSE14TFhkWlZYYzJPRWh0VFJDb0FSaXNBaWdCTWdhRkFZYXNMQVU=-w200-h112-p-df,CNN,,2022-03-01,https://www.cnn.com/2022/03/01/tech/apple-russia/index.html\xd2\x01?https://amp.cnn.com/cnn/2022/03/01/tech/apple-russia/index.html'
88,AppleMoreApple spotlights the top apps and games of 2023 on the App Store,,Dec 12,,news.google.com/articles/CBMiaGh0dHBzOi8vd3d3LmFwcGxlLmNvbS9uZXdzcm9vbS8yMDIzLzEyL2FwcGxlLXNwb3RsaWdodHMtdGhlLXRvcC1hcHBzLWFuZC1nYW1lcy1vZi0yMDIzLW9uLXRoZS1hcHAtc3RvcmUv0gEA?hl=en-US&gl=US&ceid=US%3Aen,/api/attachments/CC8iK0NnNWlhREpVUVhwV2QyNXRNVmhCVFJDakFSaTJBaWdCTWdhcGhaRE9zUVk=-w200-h112-p-df,Apple,,2024-12-12,https://www.apple.com/newsroom/2023/12/apple-spotlights-the-top-apps-and-games-of-2023-on-the-app-store/\xd2\x01\x00'
89,The GuardianMoreApple contractors 'regularly hear confidential details' on Siri recordings,,"Jul 26, 2019",,news.google.com/articles/CBMie2h0dHBzOi8vd3d3LnRoZWd1YXJkaWFuLmNvbS90ZWNobm9sb2d5LzIwMTkvanVsLzI2L2FwcGxlLWNvbnRyYWN0b3JzLXJlZ3VsYXJseS1oZWFyLWNvbmZpZGVudGlhbC1kZXRhaWxzLW9uLXNpcmktcmVjb3JkaW5nc9IBe2h0dHBzOi8vYW1wLnRoZWd1YXJkaWFuLmNvbS90ZWNobm9sb2d5LzIwMTkvanVsLzI2L2FwcGxlLWNvbnRyYWN0b3JzLXJlZ3VsYXJseS1oZWFyLWNvbmZpZGVudGlhbC1kZXRhaWxzLW9uLXNpcmktcmVjb3JkaW5ncw?hl=en-US&gl=US&ceid=US%3Aen,/api/attachments/CC8iK0NnNDVSbU51UkVka2MydFNTV3RLVFJDakFSaTJBaWdCTWdZeEFvRFM2QUU=-w200-h112-p-df,The Guardian,,2019-07-26,https://www.theguardian.com/technology/2019/jul/26/apple-contractors-regularly-hear-confidential-details-on-siri-recordings\xd2\x01{https://amp.theguardian.com/technology/2019/jul/26/apple-contractors-regularly-hear-confidential-details-on-siri-recordings'
90,AppleMoreApple marks World AIDS Day with (RED),,Dec 1,,news.google.com/articles/CBMiS2h0dHBzOi8vd3d3LmFwcGxlLmNvbS9uZXdzcm9vbS8yMDIzLzEyL2FwcGxlLW1hcmtzLXdvcmxkLWFpZHMtZGF5LXdpdGgtcmVkL9IBAA?hl=en-US&gl=US&ceid=US%3Aen,/api/attachments/CC8iK0NnNTVaMEZxWHpsSloyeHlTM05pVFJEaEFSamhBU2dCTWdhWlU0b3FJZ2s=-w200-h112-p-df,Apple,,2024-12-01,https://www.apple.com/newsroom/2023/12/apple-marks-world-aids-day-with-red/\xd2\x01\x00'
91,AppleMoreApple announces winners of the 2023 Apple Design Awards,,"Jun 5, 2023",,news.google.com/articles/CBMiX2h0dHBzOi8vd3d3LmFwcGxlLmNvbS9uZXdzcm9vbS8yMDIzLzA2L2FwcGxlLWFubm91bmNlcy13aW5uZXJzLW9mLXRoZS0yMDIzLWFwcGxlLWRlc2lnbi1hd2FyZHMv0gEA?hl=en-US&gl=US&ceid=US%3Aen,/api/attachments/CC8iK0NnNUxTbkpCVGpscloxSllWakV0VFJDb0FSaXNBaWdCTWdZbGhJeU9zUVk=-w200-h112-p-df,Apple,,2023-06-05,https://www.apple.com/newsroom/2023/06/apple-announces-winners-of-the-2023-apple-design-awards/\xd2\x01\x00'
92,AppleMoreApple Hongdae now open in South Korea,,Jan 20,,news.google.com/articles/CBMiTWh0dHBzOi8vd3d3LmFwcGxlLmNvbS9uZXdzcm9vbS8yMDI0LzAxL2FwcGxlLWhvbmdkYWUtbm93LW9wZW4taW4tc291dGgta29yZWEv0gEA?hl=en-US&gl=US&ceid=US%3Aen,/api/attachments/CC8iK0NnNHRjMEY1Y0U1blFqUk1USGd4VFJDb0FSaXNBaWdCTWdZQlVKTE5LUWc=-w200-h112-p-df,Apple,,2024-01-20,https://www.apple.com/newsroom/2024/01/apple-hongdae-now-open-in-south-korea/\xd2\x01\x00'
93,AppleMoreApple celebrates a groundbreaking year in entertainment,,"Jan 10, 2023",,news.google.com/articles/CBMiX2h0dHBzOi8vd3d3LmFwcGxlLmNvbS9uZXdzcm9vbS8yMDIzLzAxL2FwcGxlLWNlbGVicmF0ZXMtYS1ncm91bmRicmVha2luZy15ZWFyLWluLWVudGVydGFpbm1lbnQv0gEA?hl=en-US&gl=US&ceid=US%3Aen,/api/attachments/CC8iL0NnNUxjRVV3UVVORGVEVktNMkoyVFJDb0FSaXNBaWdCTWdrWkE0aU5HYVdheEFJ=-w200-h112-p-df,Apple,,2023-01-10,https://www.apple.com/newsroom/2023/01/apple-celebrates-a-groundbreaking-year-in-entertainment/\xd2\x01\x00'
94,AppleMoreApple provides powerful insights into new areas of health,,"Jun 5, 2023",,news.google.com/articles/CBMiYWh0dHBzOi8vd3d3LmFwcGxlLmNvbS9uZXdzcm9vbS8yMDIzLzA2L2FwcGxlLXByb3ZpZGVzLXBvd2VyZnVsLWluc2lnaHRzLWludG8tbmV3LWFyZWFzLW9mLWhlYWx0aC_SAQA?hl=en-US&gl=US&ceid=US%3Aen,/api/attachments/CC8iL0NnNWlSbTFLWW1zd2MzbHBUbXBQVFJDb0FSaXNBaWdCTWdtUlVvNFRPYWFLS2dJ=-w200-h112-p-df,Apple,,2023-06-05,https://www.apple.com/newsroom/2023/06/apple-provides-powerful-insights-into-new-areas-of-health/\xd2\x01\x00'
95,AppleMoreApple Pay - Apple Pay Later,,Oct 24,,news.google.com/articles/CBMiJmh0dHBzOi8vd3d3LmFwcGxlLmNvbS9hcHBsZS1wYXkvbGF0ZXIv0gEA?hl=en-US&gl=US&ceid=US%3Aen,/api/attachments/CC8iK0NnNHphMnhWZDNSc1ZETmFUMUJUVFJDa0FSaTBBaWdCTWdZRk40Wm14Z00=-w200-h112-p-df,Apple,,2024-10-24,https://www.apple.com/apple-pay/later/\xd2\x01\x00'
96,"AppleMoreReport: 2.6B records compromised by data breaches, underscoring need for E2EE",,Dec 7,,news.google.com/articles/CBMid2h0dHBzOi8vd3d3LmFwcGxlLmNvbS9uZXdzcm9vbS8yMDIzLzEyL3JlcG9ydC0yLXBvaW50LTYtYmlsbGlvbi1yZWNvcmRzLWNvbXByb21pc2VkLWJ5LWRhdGEtYnJlYWNoZXMtaW4tcGFzdC10d28teWVhcnMv0gEA?hl=en-US&gl=US&ceid=US%3Aen,/api/attachments/CC8iK0NnNW9kbWRUV25WSlJWbDNWVlZ1VFJDb0FSaXNBaWdCTWdZcGRaRE9LUWM=-w200-h112-p-df,Apple,,2024-12-07,https://www.apple.com/newsroom/2023/12/report-2-point-6-billion-records-compromised-by-data-breaches-in-past-two-years/\xd2\x01\x00'
97,"AppleMoreApple Gangnam will welcome first customers this Friday, March 31 in South Korea",,"Mar 28, 2023",,news.google.com/articles/CBMidmh0dHBzOi8vd3d3LmFwcGxlLmNvbS9uZXdzcm9vbS8yMDIzLzAzL2FwcGxlLWdhbmduYW0td2lsbC13ZWxjb21lLWZpcnN0LWN1c3RvbWVycy10aGlzLWZyaWRheS1tYXJjaC0zMS1pbi1zb3V0aC1rb3JlYS_SAQA?hl=en-US&gl=US&ceid=US%3Aen,/api/attachments/CC8iK0NnNUdjVGxwWjFONlkyRXljM2x0VFJDb0FSaXNBaWdCTWdZQkFJaW94QU0=-w200-h112-p-df,Apple,,2023-03-28,https://www.apple.com/newsroom/2023/03/apple-gangnam-will-welcome-first-customers-this-friday-march-31-in-south-korea/\xd2\x01\x00'
98,AppleMoreApple BKC now open in Mumbai,,"Apr 18, 2023",,news.google.com/articles/CBMiRGh0dHBzOi8vd3d3LmFwcGxlLmNvbS9uZXdzcm9vbS8yMDIzLzA0L2FwcGxlLWJrYy1ub3ctb3Blbi1pbi1tdW1iYWkv0gEA?hl=en-US&gl=US&ceid=US%3Aen,/api/attachments/CC8iK0NnNHpURXRYVFdaTmEyTkxia2xFVFJDb0FSaXNBaWdCTWdZQmdKQWd1QVk=-w200-h112-p-df,Apple,,2023-04-18,https://www.apple.com/newsroom/2023/04/apple-bkc-now-open-in-mumbai/\xd2\x01\x00'
99,AppleMoreApple introduces spatial video capture on iPhone 15 Pro,,Dec 11,,news.google.com/articles/CBMiX2h0dHBzOi8vd3d3LmFwcGxlLmNvbS9uZXdzcm9vbS8yMDIzLzEyL2FwcGxlLWludHJvZHVjZXMtc3BhdGlhbC12aWRlby1jYXB0dXJlLW9uLWlwaG9uZS0xNS1wcm8v0gEA?hl=en-US&gl=US&ceid=US%3Aen,/api/attachments/CC8iK0NnNVdUMk5wVkdwMk4xRlJNRTVZVFJDb0FSaXNBaWdCTWdhWmdJcXBMUWM=-w200-h112-p-df,Apple,,2024-12-11,https://www.apple.com/newsroom/2023/12/apple-introduces-spatial-video-capture-on-iphone-15-pro/\xd2\x01\x00'
100,"Overtime 006: Apple Vision Pro - the good, the bad, and the surprising!",,1 hour ago,2024-02-09 15:02:43.892556,https://www.youtube.com/watch%3Fv%3D5vF0fkxOHCI&ved=2ahUKEwiwkbiavJ-EAxWADkQIHTMIDZ0QxfQBegQIBhAC&usg=AOvVaw2dgHudG9bGWdoQ6nP5Q9AG,"data:image/gif;base64,R0lGODlhAQABAIAAAP///////yH5BAEKAAEALAAAAAABAAEAAAICTAEAOw==",YouTube,,,https://www.youtube.com/watch%3Fv%3D5vF0fkxOHCI&ved=2ahUKEwiwkbiavJ-EAxWADkQIHTMIDZ0QxfQBegQIBhAC&usg=AOvVaw2dgHudG9bGWdoQ6nP5Q9AG
101,Here's How to Try Apple's New AI Image Editor,,2 hours ago,2024-02-09 14:02:43.908724,https://gizmodo.com/heres-how-to-try-apples-new-ai-image-editor-1851244272&ved=2ahUKEwiwkbiavJ-EAxWADkQIHTMIDZ0QxfQBegQICRAC&usg=AOvVaw0kaWi37LQTVaSePMMFAbFb,"data:image/gif;base64,R0lGODlhAQABAIAAAP///////yH5BAEKAAEALAAAAAABAAEAAAICTAEAOw==",Gizmodo,,,https://gizmodo.com/heres-how-to-try-apples-new-ai-image-editor-1851244272&ved=2ahUKEwiwkbiavJ-EAxWADkQIHTMIDZ0QxfQBegQICRAC&usg=AOvVaw0kaWi37LQTVaSePMMFAbFb
102,"British great-grandfather, 82, survives being run over by car after Apple Watch calls for help",,2 hours ago,2024-02-09 14:02:43.922705,https://nypost.com/2024/02/09/news/british-great-grandfather-82-survives-being-run-over-by-car-after-apple-watch-calls-for-help/&ved=2ahUKEwiwkbiavJ-EAxWADkQIHTMIDZ0QxfQBegQIBRAC&usg=AOvVaw0HxNnbDYnYL1A3FGqWTh7s,"data:image/gif;base64,R0lGODlhAQABAIAAAP///////yH5BAEKAAEALAAAAAABAAEAAAICTAEAOw==",New York Post,,,https://nypost.com/2024/02/09/news/british-great-grandfather-82-survives-being-run-over-by-car-after-apple-watch-calls-for-help/&ved=2ahUKEwiwkbiavJ-EAxWADkQIHTMIDZ0QxfQBegQIBRAC&usg=AOvVaw0HxNnbDYnYL1A3FGqWTh7s
103,Apple defends parts pairing as Oregon mulls right-to-repair bill,,2 hours ago,2024-02-09 14:02:43.936601,https://techcrunch.com/2024/02/09/apple-defends-parts-pairing-as-oregon-mulls-right-to-repair-bill/&ved=2ahUKEwiwkbiavJ-EAxWADkQIHTMIDZ0QxfQBegQICBAC&usg=AOvVaw2sCyu-qRcaiYRBo2aXxri6,"data:image/gif;base64,R0lGODlhAQABAIAAAP///////yH5BAEKAAEALAAAAAABAAEAAAICTAEAOw==",TechCrunch,,,https://techcrunch.com/2024/02/09/apple-defends-parts-pairing-as-oregon-mulls-right-to-repair-bill/&ved=2ahUKEwiwkbiavJ-EAxWADkQIHTMIDZ0QxfQBegQICBAC&usg=AOvVaw2sCyu-qRcaiYRBo2aXxri6
104,The Daily Heller: What Bugs Me About Apple's Vision Pro,,2 hours ago,2024-02-09 14:02:43.950051,https://www.printmag.com/uncategorized/the-daily-heller-what-bugs-me-about-apples-vision-pro/&ved=2ahUKEwiwkbiavJ-EAxWADkQIHTMIDZ0QxfQBegQIAxAC&usg=AOvVaw1TOuS3_9nVa202Sx-3FFdV,"data:image/gif;base64,R0lGODlhAQABAIAAAP///////yH5BAEKAAEALAAAAAABAAEAAAICTAEAOw==",PRINT Magazine,,,https://www.printmag.com/uncategorized/the-daily-heller-what-bugs-me-about-apples-vision-pro/&ved=2ahUKEwiwkbiavJ-EAxWADkQIHTMIDZ0QxfQBegQIAxAC&usg=AOvVaw1TOuS3_9nVa202Sx-3FFdV
105,Ryan-Reynolds-Oprah-Jennifer-Garner-Apple-Watch-Style,,3 hours ago,2024-02-09 13:02:43.963440,https://people.com/celebs-go-to-off-duty-accessory-the-apple-watch-8557742&ved=2ahUKEwiwkbiavJ-EAxWADkQIHTMIDZ0QxfQBegQIABAC&usg=AOvVaw0EhdqN3vtl2P_5TMgtiOEv,"data:image/gif;base64,R0lGODlhAQABAIAAAP///////yH5BAEKAAEALAAAAAABAAEAAAICTAEAOw==",People,,,https://people.com/celebs-go-to-off-duty-accessory-the-apple-watch-8557742&ved=2ahUKEwiwkbiavJ-EAxWADkQIHTMIDZ0QxfQBegQIABAC&usg=AOvVaw0EhdqN3vtl2P_5TMgtiOEv
106,"You Can Have An Apple Vision Pro or $3,500 To Buy A Car Or Motorcycle. How Would You Spend That Cash, If That's ...",,3 hours ago,2024-02-09 13:02:43.977307,https://www.theautopian.com/you-can-have-an-apple-vision-pro-or-3500-to-buy-a-car-or-motorcycle-how-would-you-spend-that-cash-if-thats-your-choice/&ved=2ahUKEwiwkbiavJ-EAxWADkQIHTMIDZ0QxfQBegQIAhAC&usg=AOvVaw2TVTQqKStVjNRsmnobimlT,"data:image/gif;base64,R0lGODlhAQABAIAAAP///////yH5BAEKAAEALAAAAAABAAEAAAICTAEAOw==",The Autopian,,,https://www.theautopian.com/you-can-have-an-apple-vision-pro-or-3500-to-buy-a-car-or-motorcycle-how-would-you-spend-that-cash-if-thats-your-choice/&ved=2ahUKEwiwkbiavJ-EAxWADkQIHTMIDZ0QxfQBegQIAhAC&usg=AOvVaw2TVTQqKStVjNRsmnobimlT
107,10 Killer Apple Vision Pro Apps!,,3 hours ago,2024-02-09 13:02:43.990943,https://www.youtube.com/watch%3Fv%3DAeSK-Ilmu38&ved=2ahUKEwiwkbiavJ-EAxWADkQIHTMIDZ0QxfQBegQIBxAC&usg=AOvVaw2j6BtLiuUZnIQwvuLqPwfy,"data:image/gif;base64,R0lGODlhAQABAIAAAP///////yH5BAEKAAEALAAAAAABAAEAAAICTAEAOw==",YouTube,,,https://www.youtube.com/watch%3Fv%3DAeSK-Ilmu38&ved=2ahUKEwiwkbiavJ-EAxWADkQIHTMIDZ0QxfQBegQIBxAC&usg=AOvVaw2j6BtLiuUZnIQwvuLqPwfy
108,"S&P 500 hits 5,000 for first time; Microsoft topples Apple as world's largest company",,3 hours ago,2024-02-09 13:02:44.004931,https://www.foxbusiness.com/markets/sp-500-hits-5000-for-first-time-microsoft-apple&ved=2ahUKEwiwkbiavJ-EAxWADkQIHTMIDZ0QxfQBegQIARAC&usg=AOvVaw3mUq3sCSprupvj68FKXhFN,"data:image/gif;base64,R0lGODlhAQABAIAAAP///////yH5BAEKAAEALAAAAAABAAEAAAICTAEAOw==",Fox Business,,,https://www.foxbusiness.com/markets/sp-500-hits-5000-for-first-time-microsoft-apple&ved=2ahUKEwiwkbiavJ-EAxWADkQIHTMIDZ0QxfQBegQIARAC&usg=AOvVaw3mUq3sCSprupvj68FKXhFN
109,I tried the MLB and NBA apps in Apple Vision Pro — and sports bars are in trouble,,4 hours ago,2024-02-09 12:02:44.018573,https://www.tomsguide.com/computing/vr-ar/i-tried-the-mlb-and-nba-apps-in-apple-vision-pro-and-watching-sports-will-never-be-the-same&ved=2ahUKEwiwkbiavJ-EAxWADkQIHTMIDZ0QxfQBegQIBBAC&usg=AOvVaw2ScofC6nkEkMDWUN3gpNUE,"data:image/gif;base64,R0lGODlhAQABAIAAAP///////yH5BAEKAAEALAAAAAABAAEAAAICTAEAOw==",Tom's Guide,,,https://www.tomsguide.com/computing/vr-ar/i-tried-the-mlb-and-nba-apps-in-apple-vision-pro-and-watching-sports-will-never-be-the-same&ved=2ahUKEwiwkbiavJ-EAxWADkQIHTMIDZ0QxfQBegQIBBAC&usg=AOvVaw2ScofC6nkEkMDWUN3gpNUE
